,author,title,description,url,urlToImage,publishedAt,content,status,totalResults,id,name
0,Anna Skinner,"California Wildfires, Blackout Fears Create Conflict for Electric Car Users",Cal Fire urges residents to prioritize their lives over conserving energy.,https://www.newsweek.com/california-wildfires-blackout-fears-create-conflict-electric-car-users-1740352,https://d.newsweek.com/en/full/2110898/wildfire-evacuations-are-place-california.jpg,2022-09-06T17:28:53Z,"Electric vehicle owners are caught in confusion as conflicting reports of energy conservation requests and wildfire evacuation warnings sweep California.
Newsweek reported last week that much of sou… [+3539 chars]",ok,326,newsweek,Newsweek
1,Christiaan Hetzner,"Elon Musk told Trump to sail into the sunset, now the former President tells supporters it’s time to get rid of electric cars in Pennsylvania rally rant","Facing increasing pressure from Florida governor Ron DeSantis, supported by the billionaire CEO, Trump took aim at Biden's recent EV subsidies.",https://fortune.com/2022/09/05/donald-trump-electric-car-rant-pennsylvania-rally-shot-at-elon-musk-tesla-joe-biden/,"https://content.fortune.com/wp-content/uploads/2022/09/GettyImages-1242931015-e1662384817818.jpg?resize=1200,600",2022-09-05T13:34:40Z,"In his first comments since the FBI raid on his Mar-a-Lago compound, Donald Trump took aim at electric vehicles in a speech over the weekend that managed to attack two of his main opponentsrising Rep… [+5512 chars]",ok,326,fortune,Fortune
2,Patrick Campanale,"Foldable solar panel with 20A power station charger, more now $140 in New Green Deals","With fall on the horizon, you might be planning some outdoor adventures with the family. If those trips plan to take you off-grid for an extended period of time, then be sure to have in the trunk in case it’s needed. With a built-in 20A LCD solar charge contr…",https://electrek.co/2022/09/06/foldable-solar-panel-charge-controller-more-new-green-deals/,https://i0.wp.com/electrek.co/wp-content/uploads/sites/3/2022/09/foldable-solar-panel-ecoworthy.jpg?resize=1200%2C628&quality=82&strip=all&ssl=1,2022-09-06T17:53:42Z,"With fall on the horizon, you might be planning some outdoor adventures with the family. If those trips plan to take you off-grid for an extended period of time, then be sure to have this 120W foldab… [+6406 chars]",ok,326,,Electrek
3,Christopher Lange,How Many People Were Born the Year You Were Born,"At the forefront of issues that face humanity, many would rank climate change and overpopulation as perhaps some of the biggest existential threats. However, there are some, including Tesla CEO Elon Musk, who would disagree Earth cannot sustain population gro…",https://247wallst.com/special-report/2022/09/04/how-many-people-were-born-the-year-you-were-born-6/,https://247wallst.com/wp-content/uploads/2022/08/imageForEntry19-BaV.jpg,2022-09-04T20:00:38Z,"At the forefront of issues that face humanity, many would rank climate change and overpopulation as perhaps some of the biggest existential threats. However, there are some, including Tesla CEO Elon … [+1878 chars]",ok,326,,24/7 Wall St.
4,,"Indian Gautam Adani's rise to world's third-richest came as stock jumps topped 1,000%","His Adani Green and Adani Total Gas trade at more than 750 times profit, far higher than Elon Musk’s Tesla or Jeff Bezos’s Amazon.",https://www.channelnewsasia.com/business/india-gautam-adani-third-richest-billionaire-bezos-musk-2922926,"https://onecms-res.cloudinary.com/image/upload/s--YG2Ax30K--/fl_relative,g_south_east,l_one-cms:core:watermark:afp_watermark,w_0.1/f_auto,q_auto/c_fill,g_auto,h_676,w_1200/v1/one-cms/core/46ca819dd41f0c46407ed2bf7577aca3d3646855.jpg?itok=L6ALDku6",2022-09-06T08:33:58Z,"Judging by the stock market, Adanis moves have been wildly successful.
Shares in some of his companies have climbed more than 1,000 per cent since 2020. That compares with a 44 per cent advance for … [+2105 chars]",ok,326,,CNA
5,https://www.facebook.com/bbcnews,UK firm takes on Apple iPhone14 and Elon Musk with satellite phone,"Bullitt, which makes rugged smartphones, is due to launch a satellite-connected handset in February.",https://www.bbc.co.uk/news/technology-62796363,https://ichef.bbci.co.uk/news/1024/branded_news/CC7D/production/_126594325_bullitt-services-header-01-min-1.png,2022-09-06T00:41:54Z,"By Zoe KleinmanTechnology editor
A British smartphone maker hopes to steal a march on Apple and Tesla boss Elon Musk with a new satellite-connected handset, the BBC has learned.
If there is no wi-f… [+2921 chars]",ok,326,bbc-news,BBC News
6,Alexis Keenan,"Bed Bath & Beyond lawsuit, Twitter-Musk hearing, and Meta fine: Legal stories to watch",Here are the biggest legal stories Yahoo Finance is watching this week.,https://finance.yahoo.com/news/bed-bath-beyond-twitter-musk-and-meta-fine-legal-stories-to-watch-182141141.html,https://s.yimg.com/ny/api/res/1.2/gCTXv.Sgak3fhwoYrKDc4Q--/YXBwaWQ9aGlnaGxhbmRlcjt3PTEyMDA7aD03OTk-/https://s.yimg.com/os/creatr-uploaded-images/2022-08/214bc7d0-2807-11ed-bbfd-041562c4885a,2022-09-06T18:21:41Z,"During this holiday-shortened week, Yahoo Finance is watching a courtroom battle that will set the stage for Elon Musk's counterclaims against Twitter (TWTR) in the Tesla (TSLA) CEO's fight to escape… [+5208 chars]",ok,326,,Yahoo Entertainment
7,Akiko Fujita,"'We don’t have enough' lithium globally to meet EV targets, mining CEO says","One miner warned that domestic resources for lithium, the most critical mineral used for electric vehicle production, may not be sufficient enough to meet...",https://finance.yahoo.com/news/lithium-supply-ev-targets-miner-181513161.html,https://s.yimg.com/ny/api/res/1.2/kWL80O4s1pv6DmmhItuMdg--/YXBwaWQ9aGlnaGxhbmRlcjt3PTEyMDA7aD04MDA-/https://s.yimg.com/os/creatr-uploaded-images/2022-08/dd78a670-2af1-11ed-bfee-40a901ec3bd5,2022-09-05T18:15:13Z,"Climate provisions in the Inflation Reduction Act put the U.S. back on track toward significant emissions reductions, potentially reducing greenhouse gas output by 40% of 2005 levels.
But one miner … [+4654 chars]",ok,326,,Yahoo Entertainment
8,Braden Bjella,"‘They annoyed me’: Former Starbucks worker says he would end ‘pay it forward’ chains himself, sparking debate","For years, the ‘pay it forward’ trend has been prevalent across Starbucks locations. This involves someone buying their coffee or food and telling the barista to also cover the next order. On many occasions, this can cause a chain reaction, with customer afte…",https://www.dailydot.com/irl/starbucks-worker-ending-pay-it-forward/,https://uploads.dailydot.com/2022/09/starbs_pay_it_forward.jpg?auto=compress&fm=pjpg,2022-09-05T15:30:49Z,"For years, the pay it forward trend has been prevalent across Starbucks locations. This involves someone buying their coffee or food and telling the barista to also cover the next order. On many occa… [+2351 chars]",ok,326,,The Daily Dot
9,"Afdhel Aziz, Contributor, 
 Afdhel Aziz, Contributor
 https://www.forbes.com/sites/afdhelaziz/",Five Mistakes Boards Make When Thinking About Purpose,"When it comes to the topic of Purpose in business, Boards have a crucial role to play in unleashing its power. However, there are some common mistakes that Boards make when considering this topic that are worth highlighting.",https://www.forbes.com/sites/afdhelaziz/2022/09/06/five-mistakes-boards-make-when-thinking-about-purpose/,https://imageio.forbes.com/specials-images/imageserve/631743ef67ccb7ced4213ebe/0x0.jpg?format=jpg&width=1200,2022-09-06T15:00:37Z,"Five Mistakes Boards Make When Thinking About Purpose
Photo by Damir Kopezhanov on Unsplash
When it comes to the topic of Purpose in business, Boards have a crucial role to play in unleashing its p… [+6385 chars]",ok,326,,Forbes
10,Mike Loukides,Radar Trends to Watch: September 2022,"It’s hardly news to talk about the AI developments of the last month. DALL-E is increasingly popular, and being used in production. Google has built a robot that incorporates a large language model so that it can respond to verbal requests. And we’ve seen a p…",https://www.oreilly.com/radar/radar-trends-to-watch-september-2022/,https://www.oreilly.com/radar/wp-content/uploads/sites/3/2022/08/RT_Sept2022-scaled.jpg,2022-09-06T11:21:09Z,"Its hardly news to talk about the AI developments of the last month. DALL-E is increasingly popular, and being used in production. Google has built a robot that incorporates a large language model so… [+13782 chars]",ok,326,,Oreilly.com
11,IANS,Elon Musk throws a solution for ailing NASA's Artemis 1 mission - Gadgets Now,"As NASA scrubbed the Artemis 1 uncrewed mission to the Moon once again, Tesla and SpaceX CEO Elon Musk came up with a suggestion for the ailing mission that will finally land astronauts on the lunar surface after decades.NASA engineers could not overcome a hy…",https://www.gadgetsnow.com/tech-news/elon-musk-throws-a-solution-for-ailing-nasas-artemis-1-mission/articleshow/94007889.cms,"https://static.toiimg.com/thumb/resizemode-4,msid-94007889,imgsize-123650,width-800/94007889.jpg",2022-09-05T13:04:00Z,"As NASA scrubbed the Artemis 1 uncrewed mission to the Moon once again, Tesla and SpaceX CEO Elon Musk came up with a suggestion for the ailing mission that will finally land astronauts on the lunar … [+1883 chars]",ok,326,,Gadgets Now
12,Douglas A. McIntyre,Ford EV Sales Jump,"Overall, the sales data from Ford Motor continues to be positive. In August, U.S. unit sales rose 27.3% to 158,008. The industry continues to face supply chain problems which makes the number particularly impressive. Sales of Ford’s EVs were especially strong…",https://247wallst.com/autos/2022/09/04/ford-ev-sales-jump/,https://247wallst.com/wp-content/uploads/2022/08/imageForEntry6-Xwr.jpg,2022-09-04T12:30:57Z,"Overall, the sales data from Ford Motor continues to be positive. In August, U.S. unit sales rose 27.3% to 158,008. The industry continues to face supply chain problems which makes the number particu… [+2520 chars]",ok,326,,24/7 Wall St.
13,FP Staff,People are more interested in buying an Apple car than a Tesla shows poll. Here’s why.,"In a recent poll, Apple ranked third as the most preferred car brand in the US, even before they officially unveiled a car. Apple in fact ranked ahead of giants like Ford and Tesla.",https://www.firstpost.com/tech/news-analysis/here-is-why-people-are-more-interested-in-buying-an-apple-car-than-a-tesla-according-to-a-poll-11187981.html,https://images.firstpost.com/wp-content/uploads/2022/08/Apple-to-make-the-iPhone-14-series-in-India-two-months-after-Chinese-made-devices-are-released.jpg,2022-09-05T11:50:46Z,"FP StaffSep 05, 2022 17:22:07 IST
Project Titan or the Apple Car project has been making headlines for years now, even though Apple is, at the very least, at least 3 years away from actually unveili… [+3101 chars]",ok,326,,Firstpost
14,Ariel Zilber,"Elon Musk pans Amazon’s ‘Lord of the Rings’, escalating feud with Jeff Bezos: ‘Tolkien is turning in his grave’","""Almost every male character so far is a coward, a jerk or both,"" the Tesla CEO tweeted to his 105 million followers on Monday.",https://nypost.com/2022/09/06/elon-musk-pans-amazons-lord-of-the-rings-escalates-jeff-bezos-feud/,https://nypost.com/wp-content/uploads/sites/2/2022/09/ring-of-power1.jpg?quality=75&strip=all&w=1024,2022-09-06T13:28:43Z,"Elon Musk took a swipe at billionaire rival Jeff Bezos over Amazon’s much-anticipated debut of the The Lord of the Rings: The Rings of Power,” declaring author J.R.R. Tolkien was “turning in his grav… [+3013 chars]",ok,326,,New York Post
15,ERIC KIM,VLOG: A CRITIQUE ON LIFE IN AMERICA,PODCAST AUDIO A CRITIQUE ON LIFE IN AMERICA My thoughts: ESSAY: A CRITIQUE OF LIFE IN AMERICA My personal critique of living and life in America: Too many distractions I feel like when it comes to …,https://erickimphotography.com/blog/2022/09/03/vlog-a-critique-on-life-in-america/,https://erickimphotography.com/blog/wp-content/uploads/2022/09/eric-kim-vlog-critique-life-in-america-1-scaled.jpg,2022-09-04T00:44:53Z,"A CRITIQUE ON LIFE IN AMERICA
My thoughts:
ESSAY:
My personal critique of living and life in America:
Too many distractions
I feel like when it comes to life in America, 99.9% of the time we are… [+5062 chars]",ok,326,,Erickimphotography.com
16,Rohit Kulkarni,"Elon Musk Determined To Launch 100% Automated, Self-Driving Tesla Across These Countries","On Monday, CEO of Tesla, Elon Musk said that he is aiming that by the end of this year the self-driving technology of the car will be ready and depending on the regulatory approval, it will be released in the United States and possibly in Europe. Focus on Spa…",https://trak.in/tags/business/2022/09/06/elon-musk-determined-to-launch-100-automated-self-driving-tesla-across-these-countries/,https://trak.in/wp-content/uploads/2022/09/Untitled-design-14-1-1280x720-2-1024x576.jpeg,2022-09-06T05:16:33Z,"On Monday, CEO of Tesla, Elon Musk said that he is aiming that by the end of this year the self-driving technology of the car will be ready and depending on the regulatory approval, it will be releas… [+1517 chars]",ok,326,,Trak.in
17,Research and Markets,"Global Ultracapacitors Market Report (2022 to 2027) - Featuring Eaton, Energ2, Panasonic and Tokin Among Others","Global Ultracapacitors Market Global Ultracapacitors Market Dublin, Sept. 05, 2022 (GLOBE NEWSWIRE) -- The ""Global Ultracapacitors Market (2022-2027) by Type...",https://finance.yahoo.com/news/global-ultracapacitors-market-report-2022-120800848.html,https://s.yimg.com/uu/api/res/1.2/ScnU4MEC4jqi9m6Pp_ziZw--~B/aD02Njc7dz0xMDAwO2FwcGlkPXl0YWNoeW9u/https://media.zenfs.com/en/globenewswire.com/122fc5284fb815d7a0eb4cc319716ec2,2022-09-05T12:08:00Z,"Global Ultracapacitors Market
Global Ultracapacitors Market
Dublin, Sept. 05, 2022 (GLOBE NEWSWIRE) -- The ""Global Ultracapacitors Market (2022-2027) by Type, Electrode Material, Application, Geogr… [+8362 chars]",ok,326,,Yahoo Entertainment
18,Research and Markets,China Autonomous Driving and Cockpit Domain Control Unit Market Report 2022 Featuring 14 Foreign DCU Suppliers,"Dublin, Sept. 05, 2022 (GLOBE NEWSWIRE) -- The ""Autonomous Driving and Cockpit Domain Control Unit (DCU) Industry Report, 2022 (I)"" report has been added to ...",https://finance.yahoo.com/news/china-autonomous-driving-cockpit-domain-111300850.html,https://s.yimg.com/uu/api/res/1.2/HP.E8HUfnyGeLtMAKwLgAQ--~B/aD01ODt3PTQ4MDthcHBpZD15dGFjaHlvbg--/https://media.zenfs.com/en/globenewswire.com/93d5b27580f67db722dd7c112e43e8bc,2022-09-05T11:13:00Z,"Dublin, Sept. 05, 2022 (GLOBE NEWSWIRE) -- The ""Autonomous Driving and Cockpit Domain Control Unit (DCU) Industry Report, 2022 (I)"" report has been added to ResearchAndMarkets.com's offering.
There … [+9187 chars]",ok,326,,Yahoo Entertainment
19,Investor's Business Daily,Dow Jones Reverses After Economic Data; Oil Prices Climb On Surprise Production Cut,U.S oil prices rallied after a surprise OPEC+ production cut.,https://www.investors.com/market-trend/stock-market-today/dow-jones-futures-rise-ahead-of-economic-data-oil-prices-fall-despite-surprise-production-cut/,https://www.investors.com/wp-content/uploads/2018/07/stock-oil-37-adobe.jpg,2022-09-06T14:04:25Z,"The Dow Jones Industrial Average reversed lower Tuesday morning after the release of key economic data, as U.S oil prices rose after a surprise OPEC+ production cut.
XIBD 50 stockShockwave Medical (… [+5961 chars]",ok,326,,Investor's Business Daily
20,Christiaan Hetzner,‘Tolkien is turning in his grave’: Elon Musk stokes Bezos rivalry by bashing Amazon’s beta males in Rings of Power,Viewers on the left and right of the political spectrum are clashing over Jeff Bezos' $1.3 trillion dollar corporate behemoth.,https://fortune.com/2022/09/06/elon-musk-blasts-rings-of-power-on-twitter-stoking-jeff-bezos-rivalry-tolkien-turning-in-his-grave/,"https://content.fortune.com/wp-content/uploads/2022/09/GettyImages-1242720271-e1662480711150.jpg?resize=1200,600",2022-09-06T15:57:22Z,Elon Musk added himself to the chorus of critics hating on Amazon Studios lavish new action series The Rings of Power that is loosely based on J.R.R. Tolkiens Middle Earth.It cost a reported $1 billi… [+3258 chars],ok,326,fortune,Fortune
21,Clark Schultz,Tesla and GM are called potential winners from the new electric vehicle legislation,Wolfe Research said investors in the automobile sector need to take note of the recent passing of The Inflation Reduction Act. Read more.,https://seekingalpha.com/news/3880468-tesla-and-gm-are-called-potential-winners-from-the-new-electric-vehicle-legislation,https://static.seekingalpha.com/cdn/s3/uploads/getty_images/1369268936/image_1369268936.jpg?io=getty-c-w750,2022-09-06T14:54:51Z,"SouthWorks
Wolfe Research said investors in the automobile sector need to take note of the recent passing of The Inflation Reduction Act, which the firm said stands out as far and away the most cons… [+1265 chars]",ok,326,,Seeking Alpha
22,The Design Files,An Ultra-Sustainable Home On An ‘Undevelopable’ Melbourne Site,"The development of Hütt 01 Passive House started with a simple but profound question: how can we create better homes for a better planet?
Felicity and Marc Bernstein regularly asked themselves this question in their work as co-founders of Melbourne Design Stu…",https://thedesignfiles.net/2022/09/architecture-hutt-01-passive-house/,https://thedesignfiles.net/wp-content/uploads/2022/08/HuttHouse-tdf-THV1-520x684.jpg,2022-09-05T20:00:07Z,"It takes someone with exceptional vision to buy a compact triangular site wedged between a train line and laneway, and turn it into an inspiring home of the future.
This is the origin story of Hütt … [+3149 chars]",ok,326,,Thedesignfiles.net
23,Brian Wang,Multi-Fingered Active Grasp Learning,"This is a review of a 2020 academic paper about using learning systems to train robotics arms and hands to grasp objects. Learning-based approaches to grasp planning are preferred over analytical methods due to their ability to better generalize to new, parti…",https://www.nextbigfuture.com/2022/09/multi-fingered-active-grasp-learning.html,https://nextbigfuture.s3.amazonaws.com/uploads/2022/09/Screen-Shot-2022-09-06-at-10.40.01-AM.jpg,2022-09-06T17:43:46Z,"This is a review of a 2020 academic paper about using learning systems to train robotics arms and hands to grasp objects.
Learning-based approaches to grasp planning are preferred over analytical me… [+3746 chars]",ok,326,next-big-future,Next Big Future
24,Garth Franklin,Elon Musk Not A “Rings of Power” Fan,"Tesla founder Elon Musk has seemingly reignited his rivalry with Amazon founder Jeff Bezos, this time over Amazon’s costly new series “The Lord of the Rings: The Rings of Power.” The premiere of the first two episodes arrived on September 2nd on Prime Video, …",https://www.darkhorizons.com/elon-musk-not-a-rings-of-power-fan/,https://cdn.darkhorizons.com/wp-content/uploads/2022/09/elon-musk-not-a-rings-of-power-fan.jpg,2022-09-06T13:58:17Z,"Tesla founder Elon Musk has seemingly reignited his rivalry with Amazon founder Jeff Bezos, this time over Amazon’s costly new series “The Lord of the Rings: The Rings of Power.”
The premiere of the… [+1391 chars]",ok,326,,Dark Horizons
25,José Rodríguez Jr.,"The New Mini EV Cabrio Is a Rare Convertible Electric Car, And Possibly the Cutest EV","The best-selling EV in the world is going with the top down, after all. General Motor’s joint venture in China,...
The post The New Mini EV Cabrio Is a Rare Convertible Electric Car, And Possibly the Cutest EV appeared first on Gizmodo Australia.
  Related St…",https://www.gizmodo.com.au/2022/09/the-new-mini-ev-cabrio-is-a-rare-convertible-electric-car-and-possibly-the-cutest-ev/,"https://www.gizmodo.com.au/wp-content/uploads/sites/2/2022/09/01/25f4c65c35532fc66ce0cf4ed7c7cc79.jpg?quality=80&resize=1280,720",2022-09-04T02:00:21Z,"The best-selling EV in the world is going with the top down, after all. General Motors joint venture in China, SAIC-GM-Wuling, says the Mini EV Cabrio is going on to production, as Automotive News re… [+2421 chars]",ok,326,,Gizmodo Australia
26,Livemint,"Mint Explainer: Gigafactories, the building blocks of Ambani's clean-energy play",Gigafactory ecosystem of Reliance at Jamnagar will fill a crucial gap in India's clean-energy future.,https://www.livemint.com/opinion/online-views/mint-explainer-gigafactories-the-building-blocks-of-ambani-s-clean-energy-play-11662443300761.html,https://images.livemint.com/img/2022/09/06/600x338/a052c5cc-c1c8-11e9-ba69-51caec687ef7_1566150165200_1662444692434_1662444692434.jpg,2022-09-06T06:17:20Z,"Smokestacks belching out dark clouds have long been the symbol of factories. But, as the industrial revolution is about to make way for a new ""green industrial revolution"", factories would need to ge… [+6705 chars]",ok,326,,Livemint
27,Usman Kabir,Cathie Wood is Loading Up on These 10 Stocks,"In this article, we discuss the 10 stocks that Cathie Wood is loading up on. If you want to read about some more stocks in the Cathie Wood portfolio, go...",https://finance.yahoo.com/news/cathie-wood-loading-10-stocks-130352667.html,https://s.yimg.com/uu/api/res/1.2/VFIvepRv_dTLck0n.Amj_g--~B/aD02MDA7dz00NzM7YXBwaWQ9eXRhY2h5b24-/https://media.zenfs.com/en/insidermonkey.com/33ede3b2a4dafa7bc9d5d35b0755b9e1,2022-09-05T13:03:52Z,"In this article, we discuss the 10 stocks that Cathie Wood is loading up on. If you want to read about some more stocks in the Cathie Wood portfolio, go directly to Cathie Wood is Loading Up on These… [+12669 chars]",ok,326,,Yahoo Entertainment
28,Remeredzai Joseph Kuhudzai,South Africa’s Shoprite Group Now Has 1041 Trailers With Solar-Powered Refrigeration For Its Fleet,"The Shoprite Group, South Africa’s largest retailer by market capitalization, sales, profit, and number of employees and customers, continues to grow its solar-assisted fleet of trailers. The Group now has 903 trucks and 1,360 trailers. Of these, 1041 trailer…",https://cleantechnica.com/2022/09/06/south-africas-shoprite-group-now-has-1041-trailers-with-solar-powered-refrigeration-for-its-fleet/,https://cleantechnica.com/files/2022/09/solar-fleet-src-210319-0038.jpg,2022-09-06T16:00:38Z,"The Shoprite Group, South Africas largest retailer by market capitalization, sales, profit, and number of employees and customers, continues to grow its solar-assisted fleet of trailers. The Group no… [+4150 chars]",ok,326,,CleanTechnica
29,Trapping Value,"Digital Realty: Jim Chanos Will Be Right, Stick To The Preferred Shares",Digital Realty continued its aggressive growth and capex plans. Click here to read the bear case breakdown and why we are not attracted to this even at 52-week lows.,https://seekingalpha.com/article/4538935-digital-realty-stock-jim-chanos-right-stick-preferred-shares,https://static.seekingalpha.com/cdn/s3/uploads/getty_images/883130172/image_883130172.jpg?io=getty-c-w750,2022-09-05T02:37:46Z,"frentusha/iStock via Getty Images
It is no fun to take the opposite of a popular trade. You generally get cat calls from the crowd and almost inevitably you never pick the exact top of the trend. Ta… [+6171 chars]",ok,326,,Seeking Alpha
30,Andrea Blanco,San Francisco families asked to loan spare rooms to teachers as rents push out public workers,The Milpitas Unified School District is asking parents if they can rent extra rooms in their homes,https://www.independent.co.uk/news/world/americas/milpitas-unified-school-district-san-francisco-rent-b2160982.html,https://static.independent.co.uk/2021/10/23/13/Virus_Outbreak_Schools_32827.jpg?quality=75&width=1200&auto=webp,2022-09-06T16:28:38Z,"A San Francisco school district is trying a new approach for teachers struggling with soaring rent prices. 
In an innovative attempt to help its roughly 500 employed educators find affordable housin… [+1937 chars]",ok,326,independent,Independent
31,ERIC KIM,VLOG: HOW TO INCREASE YOUR CLOUT,"Real thoughts: PODCAST ALL Part 1 PART 2 PART 3 How to Build More Clout Clout — to ball up, amass.  Perhaps clout is actually more important than money.  1. Don’t be disingenuous The first simple thought is this: don’t be disingenuous. Everyone is honest in d…",https://erickimphotography.com/blog/2022/09/04/vlog-how-to-increase-your-clout/,https://img.youtube.com/vi/cqvp30auV0Y/0.jpg,2022-09-04T11:47:40Z,"Real thoughts: 
https://youtu.be/zOHf5igzcu8
PART 3
Clout  to ball up, amass. 
Perhaps clout is actually more important than money. 
1. Dont be disingenuous
The first simple thought is this: do… [+2916 chars]",ok,326,,Erickimphotography.com
32,The Economist,"Why businesses are still furiously hiring, even as a downturn looms",A shake-up in the labour market gives the upper hand to job applicants,https://www.economist.com/business/2022/09/04/why-businesses-are-still-furiously-hiring-even-as-a-downturn-looms,https://www.economist.com/img/b/1280/720/90/media-assets/image/20220903_FNP505.jpg,2022-09-04T17:51:28Z,"Should companies be hiring or firing? Demand for workers has roared back over the past two years. But labour supply has not kept pace, and shortages are pervasive. That means many firms need to hire.… [+8970 chars]",ok,326,,The Economist
33,Ray Flook,"Elon Musk's Twitter Take on Tolkien, LOTR: TROP Begs to Be Mocked","It didn't take long once the cast for Amazon, J.D. Payne & Patrick McKay's The Lord of the Rings: The Rings of Power was announced for the same group of self-hating trolls that go after anything that doesn't fit their narrow-minded, ""white-washed"" view of how…",https://bleedingcool.com/tv/elon-musks-twitter-take-on-tolkien-lotr-trop-begs-to-be-mocked/,https://bleedingcool.com/wp-content/uploads/2022/09/FotoJet-2022-09-05T175444.014-1200x628.jpg,2022-09-05T22:58:19Z,"It didn't take long once the cast for Amazon, J.D. Payne &amp; Patrick McKay's The Lord of the Rings: The Rings of Power was announced for the same group of self-hating trolls that go after anything … [+4886 chars]",ok,326,,Bleeding Cool News
34,Christiaan Hetzner,"Apple to reveal its iPhone 14 on Wednesday—here’s what you can expect, including potential farewells to the ‘notch’ and the iPhone Mini","CEO Tim Cook runs a seemingly unstoppable juggernaut that reported yet another quarterly revenue record in July, bolstered by its flagship product that accounts for half its sales. Yet there is no sign of revolutionary new consumer tech products like an Apple…",https://fortune.com/2022/09/06/apple-iphone-tim-cook-far-out-event-smartphone-watch-airpods-ipad-tablet-car-headset/,"https://content.fortune.com/wp-content/uploads/2022/09/GettyImages-1401381531.jpg?resize=1200,600",2022-09-06T12:38:10Z,Tim Cook is due to announce a raft of new products and features at the Apple CEOs Far Out Event on Wednesdaybut the jury is out whether he will deliver true meaningful innovations to his legion of de… [+3347 chars],ok,326,fortune,Fortune
35,Jill Shen,Li Auto deliveries halve in August while Seres and Zeekr see growth,Li Auto’s shortfall highlighted a more competitive market and a preference among Chinese consumers to gravitate towards the latest products.,http://technode.com/2022/09/06/li-auto-deliveries-halve-in-august-while-seres-and-zeekr-see-growth/,https://technode.com/wp-content/uploads/2022/09/172121709_m1.jpg,2022-09-06T07:40:14Z,"Chinese electric vehicle upstarts Li Auto and Xpeng saw declines in August, while Huaweis auto partner Seres and Geelys Zeekr saw strong growth. Among them, Li Auto reported a record decline in Augus… [+3597 chars]",ok,326,,TechNode
36,Andi Ortiz,Elon Musk Says ‘Tolkien Is Turning in His Grave’ Over Depiction of Male Characters in ‘Rings of Power’,Elon Musk took to Twitter to complain about the male characters depicting in Amazon's Lord of the Rings series The Rings of Power.,http://www.thewrap.com/elon-musk-lord-of-the-rings-the-rings-of-power-criticism-male-characters/,https://www.thewrap.com/wp-content/uploads/2022/09/Untitled-design.jpg,2022-09-06T13:51:08Z,"Elon Musk has added his voice to those who are upset about Amazon’s new “Lord of the Rings” prequel series, “The Rings of Power.” But, where some are complaining about the diverse casting of the show… [+2241 chars]",ok,326,,TheWrap
37,Lylla Younes,‘Make the clean stuff cheaper’: Did the IRA kill the carbon tax?,How Democrats came around to cutting taxes to save the climate.,http://grist.org/politics/did-biden-inflation-reduction-act-ira-kill-the-carbon-tax/,https://grist.org/wp-content/uploads/2022/09/carbon-tax-to-tax-credits.jpg,2022-09-06T10:45:00Z,"At a press conference during the Paris climate summit in 2015, when leaders from 196 countries had gathered to reach an agreement on how to slow climate change, President Barack Obama proposed a solu… [+13294 chars]",ok,326,,Grist
38,Al Root,Ford and Rivian Recall Some EVs,Some recalls involving Ford's Mustang Mach E along with Rivian's R1T pickup truck and R1S SUV were listed on NHTSA's website Monday.,https://www.barrons.com/articles/ford-rivian-electric-vehicle-recalls-51662386229,https://images.barrons.com/im-607522/social,2022-09-05T13:57:00Z,"EV recalls are headline making. EVs are new and trying to disrupt the century-plus old auto industry. But EVs, in the end, are just cars with batteries and many EV recalls are for very car-like issue… [+2051 chars]",ok,326,,Barron's
39,U.Today,Elon Musk Complains About Bots Impersonating Binance CEO,Tesla CEO Elon Musk is currently involved in a bitter legal fight with Twitter over spam bots,https://u.today/elon-musk-complains-about-bots-impersonating-binance-ceo,https://u.today/sites/default/files/styles/twitter/public/2022-09/23104.jpg,2022-09-06T06:33:46Z,"In a recent tweet, Tesla CEO Elon Musk complained that the majority of his comments are filled with cryptocurrency bots.
He attached a screenshot, which shows a bunch of fake accounts impersonating … [+1161 chars]",ok,326,,U.Today
40,Nick Corbishley,The Race for Lithium is Heating Up in Latin America,"As the US remains ""grossly unprepared"" to meet the exponential increase in demand for lithium over the next decade, it stakes a claim to Argentina's massive deposits of ""white gold."" For Argentina's benefit, of course.",https://www.nakedcapitalism.com/2022/09/have-the-lithium-wars-already-begun-in-latin-america.html,,2022-09-06T10:54:53Z,"This is Naked Capitalism fundraising week. 239 donors have already invested in our efforts to combat corruption and predatory conduct, particularly in the financial realm. Please join us and particip… [+12112 chars]",ok,326,,Nakedcapitalism.com
41,satyam kumar,Stock Price Prediction using Machine Learning in Python,"Machine learning proves immensely helpful in many industries in automating tasks that earlier required human labor one such application of ML is predicting whether a… Read More
The post Stock Price Prediction using Machine Learning in Python appeared first on…",https://www.geeksforgeeks.org/stock-price-prediction-using-machine-learning-in-python/,https://media.geeksforgeeks.org/wp-content/cdn-uploads/gfg_200x200-min.png,2022-09-04T05:37:04Z,Machine learning proves immensely helpful in many industries in automating tasks that earlier required human labor one such application of ML is predicting whether a particular trade will be profitab… [+10121 chars],ok,326,,Geeksforgeeks.org
42,Dan Maloney,"Hackaday Links: September 4, 2022","Say what you will about Tesla, but there’s little doubt that the electric vehicle maker inspires a certain degree of fanaticism in owners. We’re used to the ones who can’t …read more",https://hackaday.com/2022/09/04/hackaday-links-september-4-2022/,https://hackaday.com/wp-content/uploads/2014/11/had-links-banner.jpg,2022-09-04T23:00:46Z,"Say what you will about Tesla, but there’s little doubt that the electric vehicle maker inspires a certain degree of fanaticism in owners. We’re used to the ones who can’t stop going on about neck-sn… [+3146 chars]",ok,326,,Hackaday
43,MarketsandMarkets Research Pvt. Ltd.,Automotive Artificial Intelligence Market worth $7.0 Billion by 2027 – Exclusive Report by MarketsandMarkets™,"Chicago, Sept. 05, 2022 (GLOBE NEWSWIRE) -- Automotive Artificial Intelligence Market size is projected to grow from USD 2.3 Billion in 2022 to USD 7.0...",https://finance.yahoo.com/news/automotive-artificial-intelligence-market-worth-133000364.html,https://s.yimg.com/uu/api/res/1.2/L1m5.zuz7y8yLmqzJ8ZfhQ--~B/aD0yMjk7dz02Njk7YXBwaWQ9eXRhY2h5b24-/https://media.zenfs.com/en/globenewswire.com/d4c3eb630bf83da5a3947696840b275d,2022-09-05T13:30:00Z,"MarketsandMarkets Research Pvt. Ltd.
Chicago, Sept. 05, 2022 (GLOBE NEWSWIRE) -- Automotive Artificial Intelligence Market size is projected to grow from USD 2.3 Billion in 2022 to USD 7.0 Billion b… [+5993 chars]",ok,326,,Yahoo Entertainment
44,,TuneIn Scores with UEFA Champions League,SAN FRANCISCO--(BUSINESS WIRE)--Newly inked content distribution deal between TuneIn and the UEFA Champions League brings this season's biggest games to TuneIn Premium,https://www.businesswire.com/news/home/20220906005933/en/TuneIn-Scores-with-UEFA-Champions-League,https://mms.businesswire.com/media/20220906005933/en/1562491/23/TuneIn_Logo_Digital_Blk.jpg,2022-09-06T18:05:06Z,"SAN FRANCISCO--(BUSINESS WIRE)--TuneIn, the worlds leading live streaming audio service, is pleased to announce that users can now stream the biggest UEFA Champions League games this season. Soccer f… [+3156 chars]",ok,326,,Business Wire
45,Reuters,Inside Tesla’s drive to keep Musk’s battery promise,By Norihiko Shirouzu and Paul Lienert (Reuters) -   The secret behind Elon Musk&#039;s goal of selling 20 million Tesla&#039;s a year by 2030 lies in its pioneering battery technology.,https://www.fxempire.com/news/article/inside-teslas-drive-to-keep-musks-battery-promise-1117430,https://responsive.fxempire.com/width/600/webp-lossy-70.q50/_fxempire_/2022/09/tagreuters.com2022newsml_LYNXMPEI850661.jpg,2022-09-06T05:23:18Z,"The good news is that by using bigger cells and a new process to dry-coat electrodes, Tesla could halve the cost of a Model Y battery, saving more than 8% of the cars U.S. starting price, battery exp… [+7562 chars]",ok,326,,FX Empire
46,Sarah Ellison,POLITICO's new German owner has 'contrarian' plan for American media...,"POLITICO's new German owner has 'contrarian' plan for American media...

 
 
 
 (Third column, 1st story, link)

 

 

 
 Related stories:Invited Colleagues to 'Pray' for Trump Re-Election...",https://www.washingtonpost.com/media/2022/09/06/mathias-dopfner-trump-email-axel-springer-politico/,https://www.washingtonpost.com/wp-apps/imrs.php?src=https://arc-anglerfish-washpost-prod-washpost.s3.amazonaws.com/public/WSRBBGU6CII6ZFBYEVLQTNWN3Q.jpg&w=1440,2022-09-06T12:01:39Z,"Comment on this story
BERLIN Months after his company bought Politico, Mathias Döpfner stood atop Axel Springers 19-story headquarters, gazing out at the double row of cobblestones that mark the out… [+22128 chars]",ok,326,the-washington-post,The Washington Post
47,Tina Casey,Mullen Dreams Of Electric Vehicles That Make Pure Water From The Air,"As more electric vehicles crowd into the market, one startup is looking to stand out with an onboard water-making system.",https://cleantechnica.com/2022/09/05/mullen-dreams-of-electric-vehicles-that-make-pure-water-from-the-air/,https://cleantechnica.com/files/2022/09/electric-vehicles-water-air-Mullen-WaterGen.png,2022-09-05T17:00:25Z,"The world’s leading automakers are beginning to pour electric vehicles into the market at a rapid clip, and that makes it all the more difficult for a startup to stand out from the crowd. The Califor… [+7329 chars]",ok,326,,CleanTechnica
48,U.Today,Will Musk Pump Dogecoin on TV Again? He's Invited to Chris Rock's Show,"Tesla boss has been invited by comedian Chris Rock to open show, will Musk use his second appearance on TV to pump Dogecoin?",https://u.today/will-musk-pump-dogecoin-on-tv-again-hes-invited-to-chris-rocks-show,https://u.today/sites/default/files/styles/twitter/public/2022-09/23088.jpg,2022-09-05T14:04:00Z,Disclaimer: The opinion expressed here is not investment advice it is provided for informational purposes only. It does not necessarily reflect the opinion of U.Today. Every investment and all tradin… [+2754 chars],ok,326,,U.Today
49,Ray Flook,Neil Gaiman to Elon Musk on LOTR: Stick To What You Already Don't Know,"Look, we didn't need another reason to love Neil Gaiman. We already bonded with the dude with American Gods (book and series), and that's before taking a deeper dive into his entire body of work. Outside of that, we also have righteous respect for his willing…",https://bleedingcool.com/tv/neil-gaiman-to-elon-musk-on-lotr-stick-to-what-you-already-dont-know/,https://bleedingcool.com/wp-content/uploads/2022/09/FotoJet-2022-09-05T175444.014-1200x628.jpg,2022-09-06T13:01:13Z,"Look, we didn't need another reason to love Neil Gaiman. We already bonded with the dude with American Gods (book and series), and that's before taking a deeper dive into his entire body of work. Out… [+6027 chars]",ok,326,,Bleeding Cool News
50,,Elon Musk Says Chris Rock Has Invited Him To Open One Of His Shows,Tesla CEO Elon Musk on Sunday revealed that comedian Chris Rock has invited him to open one of his forthcoming shows.,https://www.ndtv.com/world-news/elon-musk-says-chris-rock-has-invited-him-to-open-one-of-his-shows-3316704,https://c.ndtvimg.com/2022-08/s9s7hjo_elon-musk_625x300_31_August_22.jpg,2022-09-05T08:34:05Z,"Internet users were quick to react to Mr Musk's announcement.
Tesla CEO Elon Musk on Sunday revealed that comedian Chris Rock has invited him to open one of his forthcoming shows. 
The news emerged… [+1676 chars]",ok,326,,NDTV News
51,Rob Minto,Twitter's Share Price is Back to Where it Started Before Musk's Bid,"Despite all the twists and turns, the company's value is back to where it was before Elon Musk became interested in purchasing Twitter",https://www.newsweek.com/twitter-share-price-back-level-before-elon-musk-bid-1740329,https://d.newsweek.com/en/full/2110862/musk-norway.jpg,2022-09-06T16:48:57Z,"As the Twitter-Elon Musk battle heads to court next month, the social media company is back where it started - with a share price of around $38, valuing it at around $30 billion.
The battle to own T… [+4911 chars]",ok,326,newsweek,Newsweek
52,Eric Italiano,Noted Middle-Earth And TV Expert Elon Musk Has Some Complaints About Amazon’s ‘Lord Of The Rings’,"Seemingly inspired by Logan Paul’s Twitter review of Jordan Peele’s Nope — which the boxer and social media personality declared was “one of the worst movies” he’s seen — Elon Musk has hopped on his favorite social media platform, as he so often does, to revi…",https://brobible.com/culture/article/elon-musk-lord-of-the-rings-review/,https://brobible.com/wp-content/uploads/2022/09/elon-musk.jpg,2022-09-06T15:59:07Z,"Getty Image
Seemingly inspired by Logan Paul’s Twitter review of Jordan Peele’s Nope — which the boxer and social media personality declared was “one of the worst movies” he’s seen — Elon Musk has h… [+1697 chars]",ok,326,,BroBible
53,ABC News,The most important cryptocurrency event in years is about to begin – and the biggest windfall goes to the planet,"Amid the continuous noise about cryptocurrencies, it's often hard to pick out what really matters. However this month, if all goes to plan, the energy-hungry digital sector will undergo its biggest shake-up in years, writes John Quiggan.",https://www.abc.net.au/news/2022-09-05/cryptocurrency-ethereum-bitcoin-carbon-emissions/101407134,https://live-production.wcms.abc-cdn.net.au/9cbb9db4f1b3b9d450d58f92635cc001?impolicy=wcms_crop_resize&cropH=2813&cropW=5000&xPos=0&yPos=189&width=862&height=485,2022-09-05T05:56:07Z,"Amid the continuous noise about cryptocurrencies, it's often hard to pick out what really matters.
However this month, if all goes to plan, the energy-hungry digital sector will undergo its biggest … [+6003 chars]",ok,326,abc-news-au,ABC News (AU)
54,,Elon Musk's 20 Million Tesla Sales Goal Driven By Battery Technology,The secret behind Elon Musk's goal of selling 20 million Tesla's a year by 2030 lies in its pioneering battery technology.,https://www.ndtv.com/business/elon-musks-20-million-tesla-sales-goal-by-2030-is-its-battery-technology-3320707,https://c.ndtvimg.com/2022-09/prn0da48_reuters-image_625x300_06_September_22.jpg,2022-09-06T11:58:55Z,"Inside Tesla's drive to keep Musk's battery promise
The secret behind Elon Musk's goal of selling 20 million Tesla's a year by 2030 lies in its pioneering battery technology.
The good news is that … [+7809 chars]",ok,326,,NDTV News
55,Jovan Buac,The Resizing of Retail,There are some interesting things goings on along high streets at the moment. You might see a B&Q next to your local coffee shop. Odd. Or a new IKEA next to Nike and Vans on Oxford Street soon. Interesting.,https://www.brandingmag.com/jovan-buac/the-resizing-of-retail/,https://www.brandingmag.com/wp-content/uploads/2022/09/Jovan_Buac_003_COVER-1200x628.jpg,2022-09-06T07:00:20Z,There are some interesting things goings on along high streets at the moment. You might see a B&amp;Q next to your local coffee shop. Odd. Or a new IKEA next to Nike and Vans on Oxford Street soon. I… [+5454 chars],ok,326,,Brandingmag.com
56,Joshua Fineman,Manchester United climbs on report Glazer family looking for £3.75B in sale,Manchester United (MANU) rose 1.7% in premarket trading amid a report that the Glazer family is looking for £3.75 billion $(4.32 billion) in a potential sale of the famed English...,https://seekingalpha.com/news/3880413-manchester-united-climbs-on-report-glazer-family-looking-for-375b-in-sale,https://static.seekingalpha.com/cdn/s3/uploads/getty_images/1023221290/image_1023221290.jpg?io=getty-c-w750,2022-09-06T13:04:29Z,"coward_lion/iStock Editorial via Getty Images
Manchester United (NYSE:MANU) rose 1.7% in premarket trading amid a report that the Glazer family is looking for £3.75 billion $(4.32 billion) in a pote… [+1014 chars]",ok,326,,Seeking Alpha
57,SkyQuest Technology Consulting Pvt. Ltd.,"Solar Power Market to Hit Sales of $298.86 Billion by 2028 | Europe Imports Solar Module Worth $2 Billion From China | China Aims to Generate 1,200 GW of Solar Energy by 2030","Global solar power market was valued to be USD 184.9 billion in 2021, and it is anticipated to reach USD 298.86 billion by 2028 at a CAGR of 7.1% over the...",https://finance.yahoo.com/news/solar-power-market-hit-sales-133300821.html,https://s.yimg.com/uu/api/res/1.2/ZSftfmuEe.sQl_XkiHRSLQ--~B/aD0xNjA7dz0xMTIwO2FwcGlkPXl0YWNoeW9u/https://media.zenfs.com/en/globenewswire.com/f7f03b10ffccfd08133740bcb83b8888,2022-09-06T13:33:00Z,"SkyQuest Technology Consulting Pvt. Ltd.
Global solar power market was valued to be USD 184.9 billion in 2021, and it is anticipated to reach USD 298.86 billion by 2028 at a CAGR of 7.1% over the fo… [+6836 chars]",ok,326,,Yahoo Entertainment
58,David Ludlow,Ecoflow Delta 2 portable power station promises long life and flexibility,"With the soaring costs of energy, portable power stations aren’t just useful for those camping, they can provide a source of cheap, reliable power for regular households, too. The Ecoflow Delta 2 is an upgrade on the company’s older Delta product, promising a…",https://www.trustedreviews.com/news/ecoflow-delta-2-portable-power-station-promises-long-life-and-flexibility-4263906,https://www.trustedreviews.com/wp-content/uploads/sites/54/2022/09/EcoFlow-Delta-2.jpg,2022-09-05T14:54:08Z,"With the soaring costs of energy, portable power stations aren’t just useful for those camping, they can provide a source of cheap, reliable power for regular households, too. The Ecoflow Delta 2 is … [+1871 chars]",ok,326,,TrustedReviews
59,Emily Tonelli,Elon Musk Says ‘90%’ of Twitter Comments Are Bots—Binance CEO CZ Agrees,"Elon Musk has again criticized Twitter for its spam accounts, this time with Binance chief Chanpeng Zhao chiming in on the problem.",https://decrypt.co/109042/elon-musk-says-90-twitter-comments-are-bots-binance-ceo-cz-agrees,https://cdn.decrypt.co/resize/1024/height/512/wp-content/uploads/2021/01/Webp.net-resizeimage23-gID_1.jpg,2022-09-06T09:25:59Z,"Tesla CEO Elon Musk said yesterday that 90% of [his] comments are bots, sharing a screenshot of various fake accounts of Binance boss Changpeng Zhao replying to Musk.
Twitter please, I see enough of… [+2370 chars]",ok,326,,Decrypt
60,Dan England,How Colorado’s abortion access could impact businesses in Boulder County - Boulder Daily Camera,Business owner Angela Wilson hopes to add a stipend in her company’s employee benefits to pay for out-of-state abortion. She calls the benefit an addition to the family-friendly core values of her …,https://www.dailycamera.com/2022/09/04/how-colorados-abortion-access-could-impact-businesses-in-boulder-county/,https://www.dailycamera.com/wp-content/uploads/2022/05/DCC-L-Choice1091.jpg?w=1024&h=826,2022-09-04T14:31:01Z,Business owner Angela Wilson hopes to add a stipend in her companys employee benefits to pay for out-of-state abortion. She calls the benefit an addition to the family-friendly core values of her com… [+11374 chars],ok,326,,The Daily Camera
61,admin,i4 eDrive40 Owner Tested Highway Mileage = 334 Miles,First i4 eDrive40 highway trip (short) mileage / energy usage = 334 miles range,https://bmwi.bimmerpost.com/forums/showthread.php?t=1951086,https://www.bimmerpost.com/storyimages/48c44246-be12-8585.jpg,2022-09-04T15:02:57Z,"After a few weeks of eDrive40 ownership we took the i4 on a (short) trip from Phx metro to Tucson, est. RT ~ 250 mi. Destination was son’s soccer game so we had a hard arrival time and only budgeted … [+4038 chars]",ok,326,,Bimmerpost.com
62,,"China Autonomous Driving and Cockpit Domain Control Unit (DCU) Industry Report 2022: Exploration of Five Business Models, Tier1, Tier0.5, Tier1.5 or ODM - ResearchAndMarkets.com","DUBLIN--(BUSINESS WIRE)--The ""Autonomous Driving and Cockpit Domain Control Unit (DCU) Industry Report, 2022 (I)"" report has been added to ResearchAndMarkets.com's offering. Domain Controller Research: Exploration of Five Business Models, Tier1, Tier0.5, Tier…",https://www.businesswire.com/news/home/20220906005602/en/China-Autonomous-Driving-and-Cockpit-Domain-Control-Unit-DCU-Industry-Report-2022-Exploration-of-Five-Business-Models-Tier1-Tier0.5-Tier1.5-or-ODM---ResearchAndMarkets.com,https://mms.businesswire.com/media/20220906005602/en/1561925/23/logo.jpg,2022-09-06T11:11:52Z,"DUBLIN--(BUSINESS WIRE)--The ""Autonomous Driving and Cockpit Domain Control Unit (DCU) Industry Report, 2022 (I)"" report has been added to ResearchAndMarkets.com's offering.
Domain Controller Resear… [+6291 chars]",ok,326,,Business Wire
63,Joel Kotkin,Electric Car Mandates Latest Frontier of Elites War on Middle Class,"California is working overtime to prove something that is obvious to most middle-class Americans: Electric vehicle mandates are something of a scam.

A week ago, California announced it would ban the sale of new gas-powered cars by 2035—only to beg residents …",http://www.newgeography.com/content/007566-electric-car-mandates-latest-frontier-elites-war-middle-class,,2022-09-05T00:28:58Z,"California is working overtime to prove something that is obvious to most middle-class Americans: Electric vehicle mandates are something of a scam.
A week ago, California announced it would ban the… [+3172 chars]",ok,326,,Newgeography.com
64,Carey Nieuwhof,3 Rules That Will Help You Stop Gossip Dead In Its Tracks In Your Church,"Many Christians will treat sexual sin like it’s the worst of sins, but then gossip about sexual sin as though they did nothing wrong. Nothing could be further from the truth. If you think back on your leadership, gossip is one of the most pernicious and perva…",https://careynieuwhof.com/3-rules-that-will-help-you-stop-gossip-dead-in-its-tracks-in-your-church/,https://149798627.v2.pressablecdn.com/wp-content/uploads/2022/08/shutterstock_1868351077-1024x640.jpg,2022-09-05T03:59:00Z,"Many Christians will treat sexual sin like it’s the worst of sins, but then gossip about sexual sin as though they did nothing wrong. Nothing could be further from the truth. 
If you think back on y… [+7971 chars]",ok,326,,Careynieuwhof.com
65,Andrew J. Hawkins,Buick offers to buy out dealers who don’t want to make the switch to electric cars,Buick is offering to buy out franchise dealers who don’t want to make the investment to shift to electric vehicle sales. The GM brand is switching to EV-only sales by 2030.,https://www.theverge.com/2022/9/6/23339031/buick-buyout-dealer-ev-only-2030-gm,https://cdn.vox-cdn.com/thumbor/1wkyffozZ7AHFyAs2A-L1LHZP6Y=/0x146:2040x1214/fit-in/1200x630/cdn.vox-cdn.com/uploads/chorus_asset/file/23599811/Buick_Wildcat_AP3_6399.jpg,2022-09-06T14:26:37Z,"The brand is shifting to EV-only sales by 2030
Photo: Buick
Buick is offering to buy out dealers who dont want to make the necessary investments to upgrade to electric vehicles, The Wall Street Jou… [+2629 chars]",ok,326,the-verge,The Verge
66,Cavenagh Research,Aurora Innovation: CEO Hints Possible Sale To Apple Or Microsoft,Aurora Innovation's internal memo hinted on Apple and Microsoft as potential acquirers. Read more to see why I rate AUR stock a speculative buy.,https://seekingalpha.com/article/4538984-aurora-innovation-possible-sale-apple-or-microsoft,https://static.seekingalpha.com/cdn/s3/uploads/getty_images/1351045479/image_1351045479.jpg?io=getty-c-w750,2022-09-05T11:14:50Z,"gorodenkoff
Thesis
 Aurora Innovation (NASDAQ:AUR) stock surged as much as 25% on Friday, 2nd September, after a company-internal memo hinted on Apple (AAPL) and Microsoft (MSFT) as potential acqui… [+5583 chars]",ok,326,,Seeking Alpha
67,Another Mountain's Rock Investing,Finding Good Investments Via TdF Sponsorships,"I have finally compiled a summary of investable sponsors of the 2022 Tour de France. Read my list of official partner, sponsor, and supplier companies.",https://seekingalpha.com/article/4538849-finding-good-investments-tdf-sponsorships,https://static.seekingalpha.com/cdn/s3/uploads/getty_images/501731433/image_501731433.jpg?io=getty-c-w750,2022-09-04T05:20:08Z,"Razvan/iStock Editorial via Getty Images
Introduction
 A month after the finish, I have finally compiled a summary of investable sponsors of the 2022 Tour de France. While American viewership has b… [+12879 chars]",ok,326,,Seeking Alpha
68,Oriental Trader,Russia Cuts European Gas Exports: Go Upstream For Value,"Given the tremendous rise in natural gas prices and public interest in energy stocks, the margin of safety is important. Read more to see why Midstream operators are making the most money.",https://seekingalpha.com/article/4539186-russia-cuts-european-gas-exports-go-upstream-for-value,https://static.seekingalpha.com/cdn/s3/uploads/getty_images/1312405670/image_1312405670.jpg?io=getty-c-w750,2022-09-06T18:34:49Z,"onurdongel
Russia announced indefinite suspension of gas flows to Europe through the Nordstream 1 pipeline, perhaps as a response to the potential oil price cap proposed by G7 or maybe the Europeans… [+24483 chars]",ok,326,,Seeking Alpha
69,Leo Nelissen,Ford 2.0: Why This Turnaround Is Simply Breathtaking,"Ford is in a fantastic spot to benefit, as it will maintain its legacy ICE business, using it to fund growth in the EV space. See why I'm bullish on F stock.",https://seekingalpha.com/article/4538852-ford-2-0-why-this-turnaround-is-simply-breathtaking,https://static.seekingalpha.com/cdn/s3/uploads/getty_images/1232993923/image_1232993923.jpg?io=getty-c-w750,2022-09-04T05:55:52Z,"Bill Pugliano
Introduction
 I haven't covered automotive producers in years for one simple reason: I wasn't a fan of the industry. That has changed a bit as the entire industry is shifting away fro… [+15092 chars]",ok,326,,Seeking Alpha
70,Nicholas Gordon,China’s Sichuan province was dealing with a record heat wave and a COVID lockdown. Then came a deadly earthquake,Residents in Chengdu complained that COVID controls prevented them from evacuating their homes.,https://fortune.com/2022/09/06/china-sichuan-earthquake-chengdu-covid-lockdown-heat-wave-drought/,"https://content.fortune.com/wp-content/uploads/2022/09/GettyImages-1242974726-e1662447253225.jpeg?resize=1200,600",2022-09-06T07:17:22Z,"An earthquake, measuring 6.8 in magnitude, struck Chinas Sichuan province on Monday, testing a part of China already beset by a heat wave, drought, forest fires and a COVID outbreak.The death toll fr… [+3638 chars]",ok,326,fortune,Fortune
71,"staff@topspeed.com,info@daixtech.com (Isaac Atienza)",This 2018 Dodge Challenger SRT Demon Is Going to Feed A Lot of Homeless Animals,"The Dodge Challenger and Charger are in their final years as V-8-powered muscle cars. After the 2023 model year, of which the brand is already offering ""Last Call"" models, the Challenger and Charger will now be fully electric, as previewed by the Charger Dayt…",https://www.topspeed.com/cars/car-news/this-2018-dodge-challenger-srt-demon-is-going-to-feed-a-lot-of-homeless-animals-ar197515.html,https://pictures.topspeed.com/IMG/crop/202209/16-mile-2018-dodge-c-30_1600x0w.jpg,2022-09-05T11:00:00Z,"First and foremost, this 2018 Dodge Challenger SRT Demon that’s currently listed at Bring a Trailer won’t be sold for profit. To understand why, we first have to tell this specific model’s history. T… [+2237 chars]",ok,326,,Top Speed
72,"staff@topspeed.com,info@daixtech.com (Alina Moore)",Could this be the Mythical 900-Horsepower Lotus Eletre Caught on Camera?,"Lotus already dropped the first images and details on the new Eletre - the company’s first-ever electric SUV. Production, however, won’t start until later in 2023, which means the company still has a lot of time left to test and improve. The Eletre has been a…",https://www.topspeed.com/cars/car-news/could-this-be-the-mythical-900-horsepower-lotus-eletre-caught-on-camera-ar197519.html,https://pictures.topspeed.com/IMG/crop/202209/watch-the-2023-lotus_1600x0w.jpg,2022-09-05T12:00:00Z,"What powers the Lotus Eletre?
The 2023 Eletre was developed on a new 800-volt architecture dedicated to EVs and is powered by two electric motors that have a combined output of 600 horsepower. It al… [+1867 chars]",ok,326,,Top Speed
73,Brooke Cooper,Where does Tesla get its lithium and do any ASX shares benefit?,"These three ASX lithium shares have so far agreed to supply the electric vehicle giant. 
The post Where does Tesla get its lithium and do any ASX shares benefit? appeared first on The Motley Fool Australia.",https://www.fool.com.au/2022/09/05/where-does-tesla-get-its-lithium-and-do-any-asx-shares-benefit/,https://www.fool.com.au/wp-content/uploads/2021/09/pondering.jpg,2022-09-05T02:05:26Z,"When investors look for companies in the electric vehicle (EV) space, they almost inevitably come across tech giant Tesla Inc (NASDAQ: TSLA). The brand has been a cornerstone of the EV revolution so … [+2669 chars]",ok,326,,Motley Fool Australia
74,,"The Great Shift: How are all those ""back to the office"" plans going?","After two years of the COVID-19 pandemic, some companies are transitioning their staff back from working remotely to working in the office, or some hybrid of the two – and many employees are saying no.",https://www.cbsnews.com/news/the-great-shift-how-are-all-those-back-to-the-office-plans-going/,https://assets3.cbsnewsstatic.com/hub/i/r/2022/09/04/75a70fd4-775f-42a2-9c05-3f431198ede4/thumbnail/1200x630/afad06d209b0870b8ca290a84a9a68da/empty-office-1280.jpg,2022-09-04T13:11:03Z,"As the pandemic subsides, we're going back to flying, back to theaters, back to restaurants. But back to the office? Well, yes … and no.
Ryan Williams is the founder and CEO of Cadre, a real-estate … [+7898 chars]",ok,326,cbs-news,CBS News
75,Daniel Zlatev,Trump's broadside against electric cars comes as Tesla is pegged the biggest new EV subsidy beneficiary,"A market research firm has identified Elon Musk's Tesla as the electric car company that will benefit the most from the Inflation Reduction Act's new EV subsidy scheme that will run until 2032. Former President Donald Trump's recent anti-EV rant, however, may…",https://www.notebookcheck.net/Trump-s-broadside-against-electric-cars-comes-as-Tesla-is-pegged-the-biggest-new-EV-subsidy-beneficiary.647388.0.html,https://www.notebookcheck.net/fileadmin/Notebooks/News/_nc3/tesla_model_3_673.jpg,2022-09-06T15:22:00Z,"Despite all the made-in-USA requirements that the recently passed Inflation Reduction Act places before electric car makers in order to grant them the US$7,500 subsidy per new EV sold, a reputed anal… [+2171 chars]",ok,326,,Notebookcheck.net
76,The Economist,"Why businesses are still furiously hiring, even as a downturn looms",A shake-up in the labour market gives the upper hand to job applicants,https://finance.yahoo.com/news/why-businesses-still-furiously-hiring-175128081.html,https://s.yimg.com/uu/api/res/1.2/KakwQc99k3jCfxY_EbQ6CQ--~B/aD02NjI7dz02MDg7YXBwaWQ9eXRhY2h5b24-/https://media.zenfs.com/en/the_economist_group_401/1f1fe372c9a65e08f527a666d08397af,2022-09-04T17:51:28Z,"Should companies be hiring or firing? Demand for workers has roared back over the past two years. But labour supply has not kept pace, and shortages are pervasive. That means many firms need to hire.… [+9220 chars]",ok,326,,Yahoo Entertainment
77,Research and Markets,United States Electric Vehicle Fluids Market Outlook 2022-2027 - Increasing Demand for Optimising Electric Vehicle Fluids,"Dublin, Sept. 05, 2022 (GLOBE NEWSWIRE) -- The ""U.S. Electric Vehicle Fluids Market - Industry Outlook & Forecast 2022-2027"" report has been added to...",https://finance.yahoo.com/news/united-states-electric-vehicle-fluids-101800602.html,https://s.yimg.com/uu/api/res/1.2/HP.E8HUfnyGeLtMAKwLgAQ--~B/aD01ODt3PTQ4MDthcHBpZD15dGFjaHlvbg--/https://media.zenfs.com/en/globenewswire.com/93d5b27580f67db722dd7c112e43e8bc,2022-09-05T10:18:00Z,"Dublin, Sept. 05, 2022 (GLOBE NEWSWIRE) -- The ""U.S. Electric Vehicle Fluids Market - Industry Outlook &amp; Forecast 2022-2027"" report has been added to ResearchAndMarkets.com's offering.
The U.S. … [+10272 chars]",ok,326,,Yahoo Entertainment
78,FACT.MR,"Emerging Technologies in Automobile Industry to Push In-vehicle AI Robot Demand, States Fact.MR","Interactive In-Vehicle AI Robot Installation in Autonomous Vehicles Will Increase the Demand for AI-Controlled VehiclesUnited States, Rockville MD, Sept. 05,...",https://finance.yahoo.com/news/emerging-technologies-automobile-industry-push-190000345.html,https://s.yimg.com/uu/api/res/1.2/xazHEe2ko4qaqZZdhoYLPA--~B/aD01MDt3PTIyMDthcHBpZD15dGFjaHlvbg--/https://media.zenfs.com/en/globenewswire.com/4e47ea6a086b214cab4ec4f4ad2ce050,2022-09-05T19:00:00Z,"Interactive In-Vehicle AI Robot Installation in Autonomous Vehicles Will Increase the Demand for AI-Controlled Vehicles
United States, Rockville MD, Sept. 05, 2022 (GLOBE NEWSWIRE) -- According to t… [+8396 chars]",ok,326,,Yahoo Entertainment
79,PR Newswire,"Cylindrical Lithium-Ion Battery Market, Shift In The Automotive Industry To EVs to Boost the Market Growth - Technavio","The cylindrical lithium-ion battery market size is expected to grow by USD 11.88 billion from 2021 to 2026. As per Technavio, the revisions in li-ion battery...",https://finance.yahoo.com/news/cylindrical-lithium-ion-battery-market-121500503.html,https://s.yimg.com/uu/api/res/1.2/ovGRiijXLgpqi9TCUAyOIg--~B/aD0yMjU7dz00MDA7YXBwaWQ9eXRhY2h5b24-/https://media.zenfs.com/en/prnewswire.com/932b4805f16a197217c4d64ed0843be5,2022-09-05T12:15:00Z,"NEW YORK, Sept. 5, 2022 /PRNewswire/ -- The cylindrical lithium-ion battery market size is expected to grow by USD 11.88 billion from 2021 to 2026. As per Technavio, the revisions in li-ion battery s… [+9555 chars]",ok,326,,Yahoo Entertainment
80,Jet Encila,Hackers Mess With South Korea’s YouTube Channel To Play Elon Musk Crypto Video,"According to local media sources, the official South Korean government YouTube channel was hacked on Saturday to show a video of SpaceX CEO Elon Musk discussing cryptocurrencies. Yonhap News reports that once the hackers gained access to this channel’s contro…",https://bitcoinist.com/hackers-mess-with-south-koreas-youtube-channel/,https://bitcoinist.com/wp-content/uploads/2022/09/Hackers.png,2022-09-05T14:50:19Z,"According to local media sources, the official South Korean government YouTube channel was hacked on Saturday to show a video of SpaceX CEO Elon Musk discussing cryptocurrencies.
Yonhap News reports… [+2586 chars]",ok,326,,Bitcoinist
81,Jimmy Song,"After 21 Bitcoin Songsheets, A Call To Bitcoiners: Fiat Delenda Est","To end the contagion of rent-seeking, ubiquitous politics and lack of truth, we must destroy the fiat system.",https://bitcoinmagazine.com/culture/21-bitcoin-songsheets-fiat-delenda-est,https://bitcoinmagazine.com/.image/t_share/MTg1NjcyNDk1MTgzOTYzNzc2/why-libertarians-should-prioritize-the-bitcoin-strategy-above-all-others.png,2022-09-05T14:30:00Z,"This is an opinion editorial by Jimmy Song, a Bitcoin developer, educator and entrepreneur and programmer with over 20 years of experience.
I’ve been saying this phrase for about 2.5 years now and h… [+10722 chars]",ok,326,,Bitcoin Magazine
82,,TD Ameritrade Investor Movement Index: IMX Rises Amidst Mixed Economic Data in August,"OMAHA, Neb.--(BUSINESS WIRE)--The Investor Movement Index® (IMXSM) increased to 4.82 in August, up from 4.68 in July. The IMX is TD Ameritrade’s proprietary, behavior-based index, aggregating Main Street investor positions and activity to measure what investo…",https://www.businesswire.com/news/home/20220906005235/en/TD-Ameritrade-Investor-Movement-Index-IMX-Rises-Amidst-Mixed-Economic-Data-in-August,https://mms.businesswire.com/media/20220906005235/en/1304681/23/td_ameritrade_logo.jpg,2022-09-06T16:38:36Z,"OMAHA, Neb.--(BUSINESS WIRE)--The Investor Movement Index® (IMXSM) increased to 4.82 in August, up from 4.68 in July. The IMX is TD Ameritrades proprietary, behavior-based index, aggregating Main Str… [+6537 chars]",ok,326,,Business Wire
83,"James Ledbetter, James Ledbetter",“Technology Is the Only Thing That Can Potentially Save Us”: A Conversation with Brad DeLong,"The economist and historian J. Bradford DeLong discusses the development of technology, globalization, and climate change.",https://observer.com/2022/09/technology-is-the-only-thing-that-can-potentially-save-us-a-conversation-with-brad-delong/,https://observer.com/wp-content/uploads/sites/2/2022/09/DeLong_Slouching_Towards_300dpi.jpg?quality=80&strip,2022-09-06T19:12:09Z,"J. Bradford DeLong is an economist who teaches at the University of California Berkeley, and served in the Treasury Department under President Bill Clinton. He is the author of multiple books, includ… [+10047 chars]",ok,326,,Observer
84,Michelle Lewis,Five of Asia’s biggest economies are forecast to see dramatic solar growth,"Five of Asia’s biggest economies are expected to see exponential growth of solar, positioning the region to become a global hub of solar power, according to independent energy think tank Ember.
 more…
The post Five of Asia’s biggest economies are forecast to …",https://electrek.co/2022/09/05/asia-solar-growth/,https://i0.wp.com/electrek.co/wp-content/uploads/sites/3/2022/01/shendong-floating-solar-china.jpg?resize=1200%2C628&quality=82&strip=all&ssl=1,2022-09-05T23:53:26Z,"Five of Asia’s biggest economies are expected to see exponential growth of solar, positioning the region to become a global hub of solar power, according to independent energy think tank Ember.
Embe… [+3791 chars]",ok,326,,Electrek
85,Peter Johnson,"Will EVs be Ford’s ‘revival’? The automaker’s CEO, Chairman, and VP of sustainability believe so","Ford has ambitious plans for the electric vehicle market. Or, as Ford’s vice president of sustainability, Bob Holycross, explains, EVs will revive the near 120-year-old automaker. The American automaker is in the midst of a complete brand overhaul, and its st…",https://electrek.co/2022/09/05/will-electric-vehicles-revive-fords-legacy/,https://i0.wp.com/electrek.co/wp-content/uploads/sites/3/2022/09/Ford-EV-revive.jpeg?resize=1200%2C628&quality=82&strip=all&ssl=1,2022-09-05T16:36:23Z,"Ford has ambitious plans for the electric vehicle market. Or, as Ford’s vice president of sustainability, Bob Holycross, explains, EVs will revive the near 120-year-old automaker. 
The American auto… [+4368 chars]",ok,326,,Electrek
86,Ilaria Grasso Macola,Porsche: IPO key to Volkswagen’s electrification strategy,"Porsche’s IPO is key to funding Volkswagen’s €52bn electrification strategy, Volkswagen executives said ahead of today’s board meeting.  In an internal interview published on Monday, the group’s chief operating officer Arno Antlitz said the proceedings “would…",https://www.cityam.com/porsche-ipo-key-to-volkswagens-electrification-strategy/,https://www.cityam.com/wp-content/uploads/2022/09/GettyImages-649709380.jpg,2022-09-05T13:40:12Z,"Monday 05 September 2022 2:40 pm
PO is key to funding Volkswagens 52bn electrification strategy.(Photo by Harold Cunningham/Getty Images)
Porsches IPO is key to funding Volkswagens 52bn electrifica… [+1658 chars]",ok,326,,City A.M.
87,Denis,Meitu Loses More Than $43M In Crypto Investment Amid Bear Market,"During the crypto bull run last year, Bitcoin hit the $50,000 mark for the first time and exceeded many expectations. As a result, several investors purchased bitcoin at that time. The Hong Kong Tech giant Meitu was one of the companies that acquired bitcoin …",https://www.newsbtc.com/crypto/meitu-loses-more-than-43m-in-crypto-investment-amid-bear-market/,https://www.newsbtc.com/wp-content/uploads/2022/09/throughts-g2668a1f43_1280.jpg,2022-09-05T19:52:24Z,"During the crypto bull run last year, Bitcoin hit the $50,000 mark for the first time and exceeded many expectations. As a result, several investors purchased bitcoin at that time. The Hong Kong Tech… [+2747 chars]",ok,326,,newsBTC
88,ERIC KIM,How to Build More Clout,"Clout — to ball up, amass. Perhaps clout is actually more important than money. 1. Don’t be disingenuous The first simple thought is this: don’t be disingenuous. Everyone is honest in different ways; just stick to your own gut in terms of what feels right, an…",https://erickimphotography.com/blog/2022/09/05/how-to-build-more-clout/,https://i0.wp.com/erickimphotography.com/blog/wp-content/uploads/2022/09/HOW-TO-INCREASE-YOUR-CLOUT-ALL-m4a-image.jpg?fit=960%2C540&ssl=1,2022-09-05T05:44:30Z,"Clout to ball up, amass.
Perhaps clout is actually more important than money.
1. Dont be disingenuous
The first simple thought is this: dont be disingenuous. Everyone is honest in different ways; … [+8319 chars]",ok,326,,Erickimphotography.com
89,"John Quiggin, The Conversation",World's Second-Biggest Cryptocurrency to Make Radical Technological Shift,"Amid the continuous noise about cryptocurrencies, it's often hard to pick out what really matters.",https://www.sciencealert.com/worlds-second-biggest-cryptocurrency-to-make-radical-technological-shift,https://www.sciencealert.com/images/2022/09/EthereumLogoInCage.jpg,2022-09-06T02:42:27Z,"Amid the continuous noise about cryptocurrencies, it's often hard to pick out what really matters. However this month, if all goes to plan, the energy-hungry digital sector will undergo its biggest s… [+5795 chars]",ok,326,,ScienceAlert
90,JD,3 Ways How You Can Practice Your Positive Affirmations Better,"“Every thought we think is creating our future.” — Louise Hay You can use positive affirmations to reprogram your subconscious mind to improve how you think, feel, and act. Positive affirmations can help you break out of negative thought patterns and find you…",https://sourcesofinsight.com/better-positive-affirmations/,https://sourcesofinsight.com/wp-content/uploads/2022/09/Better-Affirmations_thumb.jpg,2022-09-05T23:41:56Z,"Every thought we think is creating our future.” — Louise Hay
You can use positive affirmations to reprogram your subconscious mind to improve how you think, feel, and act.
Positive affirmations can… [+5858 chars]",ok,326,,Sourcesofinsight.com
91,,Elon Musk Goes on Wild Rant Against The Lord of the Rings: Rings of Power Amid Feud with Jeff Bezos,"Elon Musk went on a wild rant against the recently released The Lord of the Rings: The Rings of Power. The series which drew 25 million global viewers, within the first 24 hours, making it the biggest premiere on Amazon Prime Video was criticised by the Tesla…",https://gadgets360.com/entertainment/news/lord-rings-power-elon-musk-wild-rant-twitter-misogynistic-comments-feud-jeff-bezos-amazon-prime-video-3321670,https://i.gadgets360cdn.com/large/rings_of_power_trailer_1661323126383.jpg,2022-09-06T16:13:02Z,"Elon Musk on Monday embarked on a wild rant against The Lord of the Rings: The Rings of Power, in an atttempt to criticise the series that recently made its debut on Amazon Prime Video. The Tesla CEO… [+1721 chars]",ok,326,,Gadgets360.com
92,Mike Wacker,Repeal Section 230 for Child Porn | Opinion,"The only option left is to the change the legal incentive structure for Big Tech, so Congress must target Section 230.",https://www.newsweek.com/repeal-section-230-child-porn-opinion-1739141,https://d.newsweek.com/en/full/2108662/twitter-building-san-francisco.jpg,2022-09-06T10:30:01Z,"In a previous era, the American tech industry was the golden child who could do no wrong. If it had to face down a serious problem like child pornography, you could find tech talks showcasing the inn… [+5069 chars]",ok,326,newsweek,Newsweek
93,Ryan Smith,Elon Musk Blasts How Men Are Portrayed in New 'Lord of the Rings' Series,"""Almost every male character so far is a coward, a jerk or both,"" Musk tweeted of ""The Lord of the Rings: Rings of Power.""",https://www.newsweek.com/elon-musk-blasts-how-men-are-portrayed-new-lord-rings-rings-power-series-1740096,https://d.newsweek.com/en/full/2110376/elon-musk-slams-lord-rings.jpg,2022-09-06T09:28:42Z,"Elon Musk has criticized new fantasy series The Lord of the Rings: Rings of Power, stating on Twitter that late author J.R.R. Tolkien is ""turning in his grave.""
The critically acclaimed show, which … [+4128 chars]",ok,326,newsweek,Newsweek
94,ET Online,Here's Elon Musk's raw review of Amazon's 'The Rings of Power'! Tesla chief says Tolkien is turning in his grave,"The TV series, which started streaming from September 2, is said to be a personal obsession of Jeff Bezos.",https://economictimes.indiatimes.com/magazines/panache/heres-elon-musks-raw-review-of-amazons-the-rings-of-power-tesla-chief-says-tolkien-is-turning-in-his-grave/articleshow/94020712.cms,"https://img.etimg.com/thumb/msid-94021083,width-1070,height-580,imgsize-68904,overlay-etpanache/photo.jpg",2022-09-06T06:28:12Z,"Apart from being a billionaire, SpaceX boss and Tesla chief, Elon Musk is also a very popular personality on Twitter where he shares his opinions - mostly memes - unfiltered. 
So how could the socia… [+2136 chars]",ok,326,the-times-of-india,The Times of India
95,"John Quiggin, Professor, School of Economics, The University of Queensland",The most important cryptocurrency event in years is about to begin – and the biggest windfall goes to the planet,The landmark change places Bitcoin and other cryptocurrencies under immense pressure to follow suit.,https://theconversation.com/the-most-important-cryptocurrency-event-in-years-is-about-to-begin-and-the-biggest-windfall-goes-to-the-planet-189630,https://images.theconversation.com/files/482452/original/file-20220902-18-jpygje.jpg?ixlib=rb-1.1.0&rect=23%2C716%2C5114%2C2557&q=45&auto=format&w=1356&h=668&fit=crop,2022-09-05T04:36:26Z,"Dave Hunt/AAP
Amid the continuous noise about cryptocurrencies, it’s often hard to pick out what really matters. However this month, if all goes to plan, the energy-hungry digital sector will underg… [+6316 chars]",ok,326,,The Conversation Africa
96,Reuters,Inside Tesla's drive to keep Musk's battery promise,"The bad news is that it's only halfway there, according to 12 experts close to Tesla or familiar with its new technology. That's because the dry-coating technique used to produce the bigger cells in Tesla's 4680 battery is so new and unproven the company is h…",https://economictimes.indiatimes.com/industry/renewables/inside-teslas-drive-to-keep-musks-battery-promise/articleshow/94018936.cms,"https://img.etimg.com/thumb/msid-94019065,width-1070,height-580,imgsize-133398,overlay-economictimes/photo.jpg",2022-09-06T05:12:25Z,"The secret behind Elon Musk's goal of selling 20 million Tesla's a year by 2030 lies in its pioneering battery technology.
The good news is that by using bigger cells and a new process to dry-coat e… [+7641 chars]",ok,326,the-times-of-india,The Times of India
97,U.Today,PwC Account Hacked to Promote XRP Scam,This is yet another verified Twitter account that has been hacked in order to promote a blatantly obvious XRP scam,https://u.today/pwc-account-hacked-to-promote-xrp-scam,https://u.today/sites/default/files/styles/twitter/public/2022-09/23047.jpg,2022-09-04T08:50:14Z,"The official Twitter account of PricewaterhouseCoopers (PwC) Venezuela has been hacked in order to promote an XRP scam.
Image by @PwC_Venezuela
It is advertising a big event with Ripple CEO Brad Ga… [+1402 chars]",ok,326,,U.Today
98,Liam Tung,Artemis launch plan: Here are NASA's next steps,"NASA expects it will take ""several weeks"" to fix technical issues behind the hydrogen leak in its Space Launch System's core stage fuel tanks.",https://www.zdnet.com/article/artemis-launch-plan-here-are-nasas-next-steps/,https://www.zdnet.com/a/img/resize/b5a7a5e029beba1eb0dc25138e291a4a45bf7b5e/2022/07/20/c629f961-92f9-4934-9e36-4575d404c28f/60-anniversary-moon-photo.jpg?auto=webp&fit=crop&height=675&width=1200,2022-09-06T12:00:08Z,""" image-credit=""Image: NASA/Cory Huston"" image-alt-text=""Kennedy Space Center"" image-filename=""60-anniversary-moon-photo.jpg"" image-date-created=""2022/07/20"" image-width=""1041"" image-height=""661"" ima… [+102788 chars]",ok,326,,ZDNet
99,,"United States Electric Vehicle Fluids Market Outlook & Forecast Report 2022-2027 Featuring Key Vendors - Exxon Mobil, Valvoline, & GS Caltex - ResearchAndMarkets.com","DUBLIN--(BUSINESS WIRE)--The ""U.S. Electric Vehicle Fluids Market - Industry Outlook & Forecast 2022-2027"" report has been added to ResearchAndMarkets.com's offering. The U.S. electric vehicle fluids market is expected to grow at a CAGR of 24.58% during 2022-…",https://www.businesswire.com/news/home/20220906005658/en/United-States-Electric-Vehicle-Fluids-Market-Outlook-Forecast-Report-2022-2027-Featuring-Key-Vendors---Exxon-Mobil-Valvoline-GS-Caltex---ResearchAndMarkets.com,https://mms.businesswire.com/media/20220906005658/en/1562001/23/logo.jpg,2022-09-06T12:11:43Z,"DUBLIN--(BUSINESS WIRE)--The ""U.S. Electric Vehicle Fluids Market - Industry Outlook &amp; Forecast 2022-2027"" report has been added to ResearchAndMarkets.com's offering.
The U.S. electric vehicle f… [+10192 chars]",ok,326,,Business Wire
